<?xml version="1.0" encoding="UTF-8"?>
<beans xmlns="http://www.springframework.org/schema/beans"
    xmlns:xsi="http://www.w3.org/2001/XMLSchema-instance" xmlns:context="http://www.springframework.org/schema/context"
    xsi:schemaLocation="http://www.springframework.org/schema/beans http://www.springframework.org/schema/beans/spring-beans.xsd
    http://www.springframework.org/schema/context http://www.springframework.org/schema/context/spring-context-4.0.xsd">
 
    <bean id="custemer" class="framwork.assig.Custemer">
        <constructor-arg name="id" value="4523"></constructor-arg>
        <constructor-arg name="name" value="Nayan"></constructor-arg>
        <constructor-arg name="contact" value="8765356565"></constructor-arg>
        <constructor-arg>
            <ref bean="address" />
        </constructor-arg>
    </bean>
 
    <bean id="address" class="com.spring.series.core.Address">
        <constructor-arg name="street" value="Spring Office St."></constructor-arg>
        <constructor-arg name="city" value="Sangli"></constructor-arg>
        <constructor-arg name="state" value="Maharashtra"></constructor-arg>
        <constructor-arg name="zipcode" value="416416"></constructor-arg>
        <constructor-arg name="country" value="India"></constructor-arg>
    </bean>
    </beans>